Распоряжение Главы города от 27.10.2010г. № 02 рг Об утверждении Графика личного приема граждан Главой города Фрязино,Rasporyazhenie-Glavy-goroda-ot-27102010g-02-rg-Ob-utverzhdenii-Grafika-lichnogo-priema-grazhdan-Glavoy-goroda-Fryazino,02,1,1,1,2010-10-27,,2010-10-27 00:00,True,uploads/olddocs/glava/2010/10/27/02_.doc
Распоряжение Главы города от 24.09.2010г. № 147р Об ограничении стоянки транспорта,Rasporyazhenie-Glavy-goroda-ot-24092010g-147r-Ob-ogranichenii-stoyanki-transporta,147,1,1,1,2010-09-24,,2010-09-24 00:00,True,uploads/olddocs/glava/2010/09/24/147_.doc
Распоряжение Главы города от 24.09.2010г. № 146р О проведении митинга,Rasporyazhenie-Glavy-goroda-ot-24092010g-146r-O-provedenii-mitinga,146,1,1,1,2010-09-24,,2010-09-24 00:00,True,uploads/olddocs/glava/2010/09/24/146_.doc
Распоряжение Главы города от 24.09.2010г. № 144р О проведении митинга,Rasporyazhenie-Glavy-goroda-ot-24092010g-144r-O-provedenii-mitinga,144,1,1,1,2010-09-24,,2010-09-24 00:00,True,uploads/olddocs/glava/2010/09/24/144_.doc
Распоряжение Главы города от 24.09.2010г. № 143 р О проведении митинга,Rasporyazhenie-Glavy-goroda-ot-24092010g-143-r-O-provedenii-mitinga,143,1,1,1,2010-09-24,,2010-09-24 00:00,True,uploads/olddocs/glava/2010/09/24/143_.doc
Распоряжение Главы города от 30.08.2010г. № 123 р Об ограничении движения,Rasporyazhenie-Glavy-goroda-ot-30082010g-123-r-Ob-ogranichenii-dvizheniya,123,1,1,1,2010-08-30,,2010-08-30 00:00,True,uploads/olddocs/glava/2010/08/30/30_08_2010_123_.doc
"Распоряжение Главы города от 16.08.2010г. № 111 р О проведении смотра-конкурса «На лучшее содержание и обслуживание частного, государственного и муниципального жилищных фондов»",Rasporyazhenie-Glavy-goroda-ot-16082010g-111-r-O-provedenii-smotra-konkursa-Na-luchshee-soderzhanie-i-obsluzhivanie-chastnogo-gosudarstvennogo-i-munitsipalnogo-zhilischnyh-fondov,111,1,1,1,2010-08-16,,2010-08-16 00:00,True,uploads/olddocs/glava/2010/08/16/111_.doc
